TestItem,Function,Mode,Low Limit,Up Limit,Next Step,Level
Pre Test,pre_test,test,-1,1,continue,root
Test Point1,test_point1,test,-1,1,continue,root
Test Point1:Result1,test_point1,test,-1,1,continue,child
Test Point1:Result2,test_point1,test,-1,1,continue,child
Test Point1:Result3,test_point1,test,-1,1,continue,child
Test Point1:Result4,test_point1,test,-1,1,continue,child
Test Point1:Result5,test_point1,test,-1,1,continue,child
Test Point1:Result6,test_point1,test,-1,1,continue,child
Test Point1:Result7,test_point1,test,-1,1,continue,child
Test Point1:Result8,test_point1,test,-1,1,continue,child
Test Point1:Result9,test_point1,test,-1,1,continue,child
Test Point1:Result10,test_point1,test,-1,1,continue,child
Test Point2,test_point2,test,-1,1,continue,root
Test Point2:Result1,test_point2,test,-1,1,continue,child
Test Point2:Result2,test_point2,test,-1,1,continue,child
Test Point2:Result3,test_point2,test,-1,1,continue,child
Test Point2:Result4,test_point2,test,-1,1,continue,child
Test Point2:Result5,test_point2,test,-1,1,continue,child
Test Point2:Result6,test_point2,test,-1,1,continue,child
Test Point2:Result7,test_point2,test,-1,1,continue,child
Test Point2:Result8,test_point2,test,-1,1,continue,child
Test Point2:Result9,test_point2,test,-1,1,continue,child
Test Point2:Result10,test_point2,test,-1,1,continue,child
Test Point3,test_point3,test,-1,1,continue,root
Test Point3:Result1,test_point3,test,-1,1,continue,child
Test Point3:Result2,test_point3,test,-1,1,continue,child
Test Point3:Result3,test_point3,test,-1,1,continue,child
Test Point3:Result4,test_point3,test,-1,1,continue,child
Test Point3:Result5,test_point3,test,-1,1,continue,child
Test Point3:Result6,test_point3,test,-1,1,continue,child
Test Point3:Result7,test_point3,test,-1,1,continue,child
Test Point3:Result8,test_point3,test,-1,1,continue,child
Test Point3:Result9,test_point3,test,-1,1,continue,child
Test Point3:Result10,test_point3,test,-1,1,continue,child
Test Point4,test_point4,test,-1,1,continue,root
Test Point4:Result1,test_point4,test,-1,1,continue,child
Test Point4:Result2,test_point4,test,-1,1,continue,child
Test Point4:Result3,test_point4,test,-1,1,continue,child
Test Point4:Result4,test_point4,test,-1,1,continue,child
Test Point4:Result5,test_point4,test,-1,1,continue,child
Test Point4:Result6,test_point4,test,-1,1,continue,child
Test Point4:Result7,test_point4,test,-1,1,continue,child
Test Point4:Result8,test_point4,test,-1,1,continue,child
Test Point4:Result9,test_point4,test,-1,1,continue,child
Test Point4:Result10,test_point4,test,-1,1,continue,child
Test Point5,test_point5,test,-1,1,continue,root
Test Point5:Result1,test_point5,test,-1,1,continue,child
Test Point5:Result2,test_point5,test,-1,1,continue,child
Test Point5:Result3,test_point5,test,-1,1,continue,child
Test Point5:Result4,test_point5,test,-1,1,continue,child
Test Point5:Result5,test_point5,test,-1,1,continue,child
Test Point5:Result6,test_point5,test,-1,1,continue,child
Test Point5:Result7,test_point5,test,-1,1,continue,child
Test Point5:Result8,test_point5,test,-1,1,continue,child
Test Point5:Result9,test_point5,test,-1,1,continue,child
Test Point5:Result10,test_point5,test,-1,1,continue,child
Test Point6,test_point6,test,-1,1,continue,root
Test Point6:Result1,test_point6,test,-1,1,continue,child
Test Point6:Result2,test_point6,test,-1,1,continue,child
Test Point6:Result3,test_point6,test,-1,1,continue,child
Test Point6:Result4,test_point6,test,-1,1,continue,child
Test Point6:Result5,test_point6,test,-1,1,continue,child
Test Point6:Result6,test_point6,test,-1,1,continue,child
Test Point6:Result7,test_point6,test,-1,1,continue,child
Test Point6:Result8,test_point6,test,-1,1,continue,child
Test Point6:Result9,test_point6,test,-1,1,continue,child
Test Point6:Result10,test_point6,test,-1,1,continue,child
Post Test,post_test,test,-1,1,continue,root
